{
 "charts": [],
 "content": "[{\"id\":\"Jk3uS9THHI\",\"type\":\"header\",\"data\":{\"text\":\"<span class=\\\"h4\\\">Roasting Dashboard</span>\",\"col\":12}},{\"id\":\"QJ7QaJS94y\",\"type\":\"shortcut\",\"data\":{\"shortcut_name\":\"Roast Batch\",\"col\":3}},{\"id\":\"5RDZlF3UkV\",\"type\":\"shortcut\",\"data\":{\"shortcut_name\":\"BOM\",\"col\":3}},{\"id\":\"3WSHB5rnY5\",\"type\":\"shortcut\",\"data\":{\"shortcut_name\":\"Item\",\"col\":3}},{\"id\":\"1y2tSuEa4l\",\"type\":\"shortcut\",\"data\":{\"shortcut_name\":\"Stock Balance\",\"col\":3}},{\"id\":\"NIveT9HBAO\",\"type\":\"header\",\"data\":{\"text\":\"<span class=\\\"h4\\\"><b>Cards</b></span>\",\"col\":12}},{\"id\":\"oJuS7lmJYR\",\"type\":\"number_card\",\"data\":{\"number_card_name\":\"Total Green Bean Stock\",\"col\":4}},{\"id\":\"1Np2-s7mSs\",\"type\":\"number_card\",\"data\":{\"number_card_name\":\"Batches in QC\",\"col\":4}},{\"id\":\"1qMzMFwF2r\",\"type\":\"number_card\",\"data\":{\"number_card_name\":\"Scheduled Roasts for Today\",\"col\":4}},{\"id\":\"fWy-DscAyZ\",\"type\":\"header\",\"data\":{\"text\":\"<span class=\\\"h4\\\"><b>Report</b></span>\",\"col\":12}},{\"id\":\"j4WZWU7WLb\",\"type\":\"shortcut\",\"data\":{\"shortcut_name\":\"Roast Batch Profitability\",\"col\":3}}]",
 "creation": "2025-07-11 23:52:19.292044",
 "custom_blocks": [],
 "docstatus": 0,
 "doctype": "Workspace",
 "for_user": "",
 "hide_custom": 0,
 "icon": "",
 "idx": 0,
 "indicator_color": "",
 "is_hidden": 0,
 "label": "Roasting Dashboard",
 "links": [],
 "modified": "2025-07-12 10:53:27.054081",
 "modified_by": "Administrator",
 "module": "roaster",
 "name": "Roasting Dashboard",
 "number_cards": [
  {
   "label": "Total Green Bean Stock",
   "number_card_name": "Total Green Bean Stock (Kg)"
  },
  {
   "label": "Batches in QC",
   "number_card_name": "Batches in QC"
  },
  {
   "label": "Scheduled Roasts for Today",
   "number_card_name": "Scheduled Roasts for Today"
  }
 ],
 "owner": "Administrator",
 "parent_page": "",
 "public": 1,
 "quick_lists": [],
 "roles": [],
 "sequence_id": 6.0,
 "shortcuts": [
  {
   "color": "Grey",
   "doc_view": "List",
   "label": "Roast Batch Profitability",
   "link_to": "Roast Batch Profitability",
   "report_ref_doctype": "Roast Batch",
   "type": "Report"
  },
  {
   "color": "Grey",
   "doc_view": "List",
   "label": "Roast Batch",
   "link_to": "Roast Batch",
   "stats_filter": "[]",
   "type": "DocType"
  },
  {
   "color": "Grey",
   "doc_view": "List",
   "label": "BOM",
   "link_to": "BOM",
   "stats_filter": "[]",
   "type": "DocType"
  },
  {
   "color": "Grey",
   "doc_view": "List",
   "label": "Item",
   "link_to": "Item",
   "stats_filter": "[]",
   "type": "DocType"
  },
  {
   "color": "Grey",
   "doc_view": "List",
   "label": "Stock Balance",
   "link_to": "Quick Stock Balance",
   "type": "DocType"
  }
 ],
 "title": "Roasting Dashboard"
}