[
 {
  "default_value": null,
  "doc_type": "Sales Invoice",
  "docstatus": 0,
  "doctype": "Property Setter",
  "doctype_or_field": "DocField",
  "field_name": "naming_series",
  "is_system_generated": 1,
  "modified": "2025-07-09 10:53:12.811876",
  "module": null,
  "name": "Sales Invoice-naming_series-options",
  "property": "options",
  "property_type": "Text",
  "row_name": null,
  "value": "ACC-SINV-.YYYY.-\nACC-SINV-RET-.YYYY.-"
 },
 {
  "default_value": null,
  "doc_type": "Lead",
  "docstatus": 0,
  "doctype": "Property Setter",
  "doctype_or_field": "DocField",
  "field_name": "naming_series",
  "is_system_generated": 1,
  "modified": "2025-07-09 10:53:18.327791",
  "module": null,
  "name": "Lead-naming_series-options",
  "property": "options",
  "property_type": "Text",
  "row_name": null,
  "value": "CRM-LEAD-.YYYY.-"
 },
 {
  "default_value": null,
  "doc_type": "Sales Order",
  "docstatus": 0,
  "doctype": "Property Setter",
  "doctype_or_field": "DocField",
  "field_name": "naming_series",
  "is_system_generated": 1,
  "modified": "2025-07-09 10:53:27.205524",
  "module": null,
  "name": "Sales Order-naming_series-options",
  "property": "options",
  "property_type": "Text",
  "row_name": null,
  "value": "SAL-ORD-.YYYY.-"
 },
 {
  "default_value": null,
  "doc_type": "Work Order",
  "docstatus": 0,
  "doctype": "Property Setter",
  "doctype_or_field": "DocField",
  "field_name": "naming_series",
  "is_system_generated": 1,
  "modified": "2025-07-09 10:53:34.265157",
  "module": null,
  "name": "Work Order-naming_series-options",
  "property": "options",
  "property_type": "Text",
  "row_name": null,
  "value": "MFG-WO-.YYYY.-"
 },
 {
  "default_value": null,
  "doc_type": "Delivery Note",
  "docstatus": 0,
  "doctype": "Property Setter",
  "doctype_or_field": "DocField",
  "field_name": "naming_series",
  "is_system_generated": 1,
  "modified": "2025-07-09 10:53:39.387446",
  "module": null,
  "name": "Delivery Note-naming_series-options",
  "property": "options",
  "property_type": "Text",
  "row_name": null,
  "value": "MAT-DN-.YYYY.-\nMAT-DN-RET-.YYYY.-"
 },
 {
  "default_value": null,
  "doc_type": "Stock Entry",
  "docstatus": 0,
  "doctype": "Property Setter",
  "doctype_or_field": "DocField",
  "field_name": "naming_series",
  "is_system_generated": 1,
  "modified": "2025-07-09 10:53:45.320433",
  "module": null,
  "name": "Stock Entry-naming_series-options",
  "property": "options",
  "property_type": "Text",
  "row_name": null,
  "value": "MAT-STE-.YYYY.-"
 },
 {
  "default_value": null,
  "doc_type": "Opportunity",
  "docstatus": 0,
  "doctype": "Property Setter",
  "doctype_or_field": "DocField",
  "field_name": "naming_series",
  "is_system_generated": 1,
  "modified": "2025-07-08 22:02:00.984830",
  "module": null,
  "name": "Opportunity-naming_series-options",
  "property": "options",
  "property_type": "Text",
  "row_name": null,
  "value": "CRM-OPP-.YYYY.-"
 },
 {
  "default_value": null,
  "doc_type": "Customer",
  "docstatus": 0,
  "doctype": "Property Setter",
  "doctype_or_field": "DocField",
  "field_name": "naming_series",
  "is_system_generated": 1,
  "modified": "2025-07-08 22:15:16.246463",
  "module": null,
  "name": "Customer-naming_series-options",
  "property": "options",
  "property_type": "Text",
  "row_name": null,
  "value": "CUST-.YYYY.-"
 },
 {
  "default_value": null,
  "doc_type": "Sales Order",
  "docstatus": 0,
  "doctype": "Property Setter",
  "doctype_or_field": "DocField",
  "field_name": "workflow_state",
  "is_system_generated": 0,
  "modified": "2025-07-05 08:05:46.191668",
  "module": null,
  "name": "Sales Order-workflow_state-label",
  "property": "label",
  "property_type": "Data",
  "row_name": null,
  "value": "Workflow State error"
 },
 {
  "default_value": null,
  "doc_type": "Sales Order",
  "docstatus": 0,
  "doctype": "Property Setter",
  "doctype_or_field": "DocField",
  "field_name": "tax_id",
  "is_system_generated": 1,
  "modified": "2025-06-17 16:26:18.114519",
  "module": null,
  "name": "Sales Order-tax_id-hidden",
  "property": "hidden",
  "property_type": "Check",
  "row_name": null,
  "value": "0"
 },
 {
  "default_value": null,
  "doc_type": "Sales Order",
  "docstatus": 0,
  "doctype": "Property Setter",
  "doctype_or_field": "DocField",
  "field_name": "tax_id",
  "is_system_generated": 1,
  "modified": "2025-06-17 16:26:18.137937",
  "module": null,
  "name": "Sales Order-tax_id-print_hide",
  "property": "print_hide",
  "property_type": "Check",
  "row_name": null,
  "value": "0"
 },
 {
  "default_value": null,
  "doc_type": "Sales Order",
  "docstatus": 0,
  "doctype": "Property Setter",
  "doctype_or_field": "DocField",
  "field_name": "base_rounded_total",
  "is_system_generated": 1,
  "modified": "2025-06-17 16:26:21.406554",
  "module": null,
  "name": "Sales Order-base_rounded_total-hidden",
  "property": "hidden",
  "property_type": "Check",
  "row_name": null,
  "value": "0"
 },
 {
  "default_value": null,
  "doc_type": "Sales Order",
  "docstatus": 0,
  "doctype": "Property Setter",
  "doctype_or_field": "DocField",
  "field_name": "base_rounded_total",
  "is_system_generated": 1,
  "modified": "2025-06-17 16:26:21.447558",
  "module": null,
  "name": "Sales Order-base_rounded_total-print_hide",
  "property": "print_hide",
  "property_type": "Check",
  "row_name": null,
  "value": "1"
 },
 {
  "default_value": null,
  "doc_type": "Sales Order",
  "docstatus": 0,
  "doctype": "Property Setter",
  "doctype_or_field": "DocField",
  "field_name": "rounded_total",
  "is_system_generated": 1,
  "modified": "2025-06-17 16:26:21.483241",
  "module": null,
  "name": "Sales Order-rounded_total-hidden",
  "property": "hidden",
  "property_type": "Check",
  "row_name": null,
  "value": "0"
 },
 {
  "default_value": null,
  "doc_type": "Sales Order",
  "docstatus": 0,
  "doctype": "Property Setter",
  "doctype_or_field": "DocField",
  "field_name": "rounded_total",
  "is_system_generated": 1,
  "modified": "2025-06-17 16:26:21.522469",
  "module": null,
  "name": "Sales Order-rounded_total-print_hide",
  "property": "print_hide",
  "property_type": "Check",
  "row_name": null,
  "value": "0"
 },
 {
  "default_value": null,
  "doc_type": "Sales Order",
  "docstatus": 0,
  "doctype": "Property Setter",
  "doctype_or_field": "DocField",
  "field_name": "disable_rounded_total",
  "is_system_generated": 1,
  "modified": "2025-06-17 16:26:21.561783",
  "module": null,
  "name": "Sales Order-disable_rounded_total-default",
  "property": "default",
  "property_type": "Text",
  "row_name": null,
  "value": "0"
 },
 {
  "default_value": null,
  "doc_type": "Sales Order",
  "docstatus": 0,
  "doctype": "Property Setter",
  "doctype_or_field": "DocField",
  "field_name": "in_words",
  "is_system_generated": 1,
  "modified": "2025-06-17 16:26:22.896808",
  "module": null,
  "name": "Sales Order-in_words-hidden",
  "property": "hidden",
  "property_type": "Check",
  "row_name": null,
  "value": "0"
 },
 {
  "default_value": null,
  "doc_type": "Sales Order",
  "docstatus": 0,
  "doctype": "Property Setter",
  "doctype_or_field": "DocField",
  "field_name": "in_words",
  "is_system_generated": 1,
  "modified": "2025-06-17 16:26:22.929067",
  "module": null,
  "name": "Sales Order-in_words-print_hide",
  "property": "print_hide",
  "property_type": "Check",
  "row_name": null,
  "value": "0"
 },
 {
  "default_value": null,
  "doc_type": "Sales Order",
  "docstatus": 0,
  "doctype": "Property Setter",
  "doctype_or_field": "DocField",
  "field_name": "scan_barcode",
  "is_system_generated": 1,
  "modified": "2025-06-17 16:26:29.981428",
  "module": null,
  "name": "Sales Order-scan_barcode-hidden",
  "property": "hidden",
  "property_type": "Check",
  "row_name": null,
  "value": "0"
 },
 {
  "default_value": null,
  "doc_type": "Sales Order",
  "docstatus": 0,
  "doctype": "Property Setter",
  "doctype_or_field": "DocField",
  "field_name": "due_date",
  "is_system_generated": 1,
  "modified": "2025-06-17 18:33:29.181795",
  "module": null,
  "name": "Sales Order-due_date-print_hide",
  "property": "print_hide",
  "property_type": "Check",
  "row_name": null,
  "value": "0"
 },
 {
  "default_value": null,
  "doc_type": "Sales Order",
  "docstatus": 0,
  "doctype": "Property Setter",
  "doctype_or_field": "DocField",
  "field_name": "payment_schedule",
  "is_system_generated": 1,
  "modified": "2025-06-17 18:33:29.191684",
  "module": null,
  "name": "Sales Order-payment_schedule-print_hide",
  "property": "print_hide",
  "property_type": "Check",
  "row_name": null,
  "value": "1"
 },
 {
  "default_value": null,
  "doc_type": "Sales Order",
  "docstatus": 0,
  "doctype": "Property Setter",
  "doctype_or_field": "DocType",
  "field_name": null,
  "is_system_generated": 0,
  "modified": "2025-06-29 02:41:25.803528",
  "module": null,
  "name": "Sales Order-main-field_order",
  "property": "field_order",
  "property_type": "Data",
  "row_name": null,
  "value": "[\"customer_section\", \"column_break0\", \"title\", \"naming_series\", \"customer\", \"customer_name\", \"tax_id\", \"order_type\", \"workflow_state\", \"column_break_7\", \"transaction_date\", \"delivery_date\", \"column_break1\", \"po_no\", \"po_date\", \"company\", \"skip_delivery_note\", \"has_unit_price_items\", \"amended_from\", \"accounting_dimensions_section\", \"cost_center\", \"dimension_col_break\", \"project\", \"currency_and_price_list\", \"currency\", \"conversion_rate\", \"column_break2\", \"selling_price_list\", \"price_list_currency\", \"plc_conversion_rate\", \"ignore_pricing_rule\", \"sec_warehouse\", \"scan_barcode\", \"column_break_28\", \"set_warehouse\", \"reserve_stock\", \"items_section\", \"items\", \"section_break_31\", \"total_qty\", \"total_net_weight\", \"column_break_33\", \"base_total\", \"base_net_total\", \"column_break_33a\", \"total\", \"net_total\", \"taxes_section\", \"tax_category\", \"taxes_and_charges\", \"column_break_38\", \"shipping_rule\", \"column_break_49\", \"incoterm\", \"named_place\", \"section_break_40\", \"taxes\", \"section_break_43\", \"base_total_taxes_and_charges\", \"column_break_46\", \"total_taxes_and_charges\", \"totals\", \"base_grand_total\", \"base_rounding_adjustment\", \"base_rounded_total\", \"base_in_words\", \"column_break3\", \"grand_total\", \"rounding_adjustment\", \"rounded_total\", \"in_words\", \"advance_paid\", \"disable_rounded_total\", \"section_break_48\", \"apply_discount_on\", \"base_discount_amount\", \"coupon_code\", \"column_break_50\", \"additional_discount_percentage\", \"discount_amount\", \"sec_tax_breakup\", \"other_charges_calculation\", \"packing_list\", \"packed_items\", \"pricing_rule_details\", \"pricing_rules\", \"contact_info\", \"billing_address_column\", \"customer_address\", \"address_display\", \"customer_group\", \"territory\", \"column_break_84\", \"contact_person\", \"contact_display\", \"contact_phone\", \"contact_mobile\", \"contact_email\", \"shipping_address_column\", \"shipping_address_name\", \"shipping_address\", \"column_break_93\", \"dispatch_address_name\", \"dispatch_address\", \"col_break46\", \"company_address\", \"company_address_display\", \"column_break_92\", \"company_contact_person\", \"payment_schedule_section\", \"batch_no\", \"payment_terms_section\", \"payment_terms_template\", \"payment_schedule\", \"terms_section_break\", \"tc_name\", \"terms\", \"more_info\", \"section_break_78\", \"status\", \"delivery_status\", \"per_delivered\", \"column_break_81\", \"per_billed\", \"per_picked\", \"billing_status\", \"sales_team_section_break\", \"sales_partner\", \"column_break7\", \"amount_eligible_for_commission\", \"commission_rate\", \"total_commission\", \"section_break1\", \"sales_team\", \"loyalty_points_redemption\", \"loyalty_points\", \"column_break_116\", \"loyalty_amount\", \"subscription_section\", \"from_date\", \"to_date\", \"column_break_108\", \"auto_repeat\", \"update_auto_repeat_reference\", \"printing_details\", \"letter_head\", \"group_same_items\", \"column_break4\", \"select_print_heading\", \"language\", \"additional_info_section\", \"is_internal_customer\", \"represents_company\", \"column_break_152\", \"source\", \"inter_company_order_reference\", \"campaign\", \"party_account_currency\", \"connections_tab\"]"
 },
 {
  "default_value": null,
  "doc_type": "Supplier",
  "docstatus": 0,
  "doctype": "Property Setter",
  "doctype_or_field": "DocField",
  "field_name": "naming_series",
  "is_system_generated": 1,
  "modified": "2025-06-17 16:26:15.245727",
  "module": null,
  "name": "Supplier-naming_series-reqd",
  "property": "reqd",
  "property_type": "Check",
  "row_name": null,
  "value": "0"
 },
 {
  "default_value": null,
  "doc_type": "Supplier",
  "docstatus": 0,
  "doctype": "Property Setter",
  "doctype_or_field": "DocField",
  "field_name": "naming_series",
  "is_system_generated": 1,
  "modified": "2025-06-17 16:26:15.641712",
  "module": null,
  "name": "Supplier-naming_series-hidden",
  "property": "hidden",
  "property_type": "Check",
  "row_name": null,
  "value": "1"
 },
 {
  "default_value": null,
  "doc_type": "Customer",
  "docstatus": 0,
  "doctype": "Property Setter",
  "doctype_or_field": "DocField",
  "field_name": "naming_series",
  "is_system_generated": 1,
  "modified": "2025-06-17 16:26:17.453975",
  "module": null,
  "name": "Customer-naming_series-reqd",
  "property": "reqd",
  "property_type": "Check",
  "row_name": null,
  "value": "0"
 },
 {
  "default_value": null,
  "doc_type": "Customer",
  "docstatus": 0,
  "doctype": "Property Setter",
  "doctype_or_field": "DocField",
  "field_name": "naming_series",
  "is_system_generated": 1,
  "modified": "2025-06-17 16:26:18.067209",
  "module": null,
  "name": "Customer-naming_series-hidden",
  "property": "hidden",
  "property_type": "Check",
  "row_name": null,
  "value": "1"
 },
 {
  "default_value": null,
  "doc_type": "Sales Invoice",
  "docstatus": 0,
  "doctype": "Property Setter",
  "doctype_or_field": "DocField",
  "field_name": "tax_id",
  "is_system_generated": 1,
  "modified": "2025-06-17 16:26:18.158581",
  "module": null,
  "name": "Sales Invoice-tax_id-hidden",
  "property": "hidden",
  "property_type": "Check",
  "row_name": null,
  "value": "0"
 },
 {
  "default_value": null,
  "doc_type": "Sales Invoice",
  "docstatus": 0,
  "doctype": "Property Setter",
  "doctype_or_field": "DocField",
  "field_name": "tax_id",
  "is_system_generated": 1,
  "modified": "2025-06-17 16:26:18.183374",
  "module": null,
  "name": "Sales Invoice-tax_id-print_hide",
  "property": "print_hide",
  "property_type": "Check",
  "row_name": null,
  "value": "0"
 },
 {
  "default_value": null,
  "doc_type": "Delivery Note",
  "docstatus": 0,
  "doctype": "Property Setter",
  "doctype_or_field": "DocField",
  "field_name": "tax_id",
  "is_system_generated": 1,
  "modified": "2025-06-17 16:26:18.204539",
  "module": null,
  "name": "Delivery Note-tax_id-hidden",
  "property": "hidden",
  "property_type": "Check",
  "row_name": null,
  "value": "0"
 },
 {
  "default_value": null,
  "doc_type": "Delivery Note",
  "docstatus": 0,
  "doctype": "Property Setter",
  "doctype_or_field": "DocField",
  "field_name": "tax_id",
  "is_system_generated": 1,
  "modified": "2025-06-17 16:26:18.311392",
  "module": null,
  "name": "Delivery Note-tax_id-print_hide",
  "property": "print_hide",
  "property_type": "Check",
  "row_name": null,
  "value": "0"
 },
 {
  "default_value": null,
  "doc_type": "Packed Item",
  "docstatus": 0,
  "doctype": "Property Setter",
  "doctype_or_field": "DocField",
  "field_name": "rate",
  "is_system_generated": 1,
  "modified": "2025-06-17 16:26:18.373356",
  "module": null,
  "name": "Packed Item-rate-read_only",
  "property": "read_only",
  "property_type": "Check",
  "row_name": null,
  "value": "1"
 },
 {
  "default_value": null,
  "doc_type": "Sales Invoice Item",
  "docstatus": 0,
  "doctype": "Property Setter",
  "doctype_or_field": "DocField",
  "field_name": "discount_account",
  "is_system_generated": 1,
  "modified": "2025-06-17 16:26:18.457957",
  "module": null,
  "name": "Sales Invoice Item-discount_account-hidden",
  "property": "hidden",
  "property_type": "Check",
  "row_name": null,
  "value": "1"
 },
 {
  "default_value": null,
  "doc_type": "Sales Invoice Item",
  "docstatus": 0,
  "doctype": "Property Setter",
  "doctype_or_field": "DocField",
  "field_name": "discount_account",
  "is_system_generated": 1,
  "modified": "2025-06-17 16:26:18.500605",
  "module": null,
  "name": "Sales Invoice Item-discount_account-mandatory_depends_on",
  "property": "mandatory_depends_on",
  "property_type": "Code",
  "row_name": null,
  "value": ""
 },
 {
  "default_value": null,
  "doc_type": "Sales Invoice",
  "docstatus": 0,
  "doctype": "Property Setter",
  "doctype_or_field": "DocField",
  "field_name": "additional_discount_account",
  "is_system_generated": 1,
  "modified": "2025-06-17 16:26:18.542870",
  "module": null,
  "name": "Sales Invoice-additional_discount_account-hidden",
  "property": "hidden",
  "property_type": "Check",
  "row_name": null,
  "value": "1"
 },
 {
  "default_value": null,
  "doc_type": "Sales Invoice",
  "docstatus": 0,
  "doctype": "Property Setter",
  "doctype_or_field": "DocField",
  "field_name": "additional_discount_account",
  "is_system_generated": 1,
  "modified": "2025-06-17 16:26:18.577196",
  "module": null,
  "name": "Sales Invoice-additional_discount_account-mandatory_depends_on",
  "property": "mandatory_depends_on",
  "property_type": "Code",
  "row_name": null,
  "value": ""
 },
 {
  "default_value": null,
  "doc_type": "Quotation",
  "docstatus": 0,
  "doctype": "Property Setter",
  "doctype_or_field": "DocField",
  "field_name": "base_rounded_total",
  "is_system_generated": 1,
  "modified": "2025-06-17 16:26:19.909829",
  "module": null,
  "name": "Quotation-base_rounded_total-hidden",
  "property": "hidden",
  "property_type": "Check",
  "row_name": null,
  "value": "0"
 },
 {
  "default_value": null,
  "doc_type": "Quotation",
  "docstatus": 0,
  "doctype": "Property Setter",
  "doctype_or_field": "DocField",
  "field_name": "base_rounded_total",
  "is_system_generated": 1,
  "modified": "2025-06-17 16:26:21.122378",
  "module": null,
  "name": "Quotation-base_rounded_total-print_hide",
  "property": "print_hide",
  "property_type": "Check",
  "row_name": null,
  "value": "1"
 },
 {
  "default_value": null,
  "doc_type": "Quotation",
  "docstatus": 0,
  "doctype": "Property Setter",
  "doctype_or_field": "DocField",
  "field_name": "rounded_total",
  "is_system_generated": 1,
  "modified": "2025-06-17 16:26:21.177179",
  "module": null,
  "name": "Quotation-rounded_total-hidden",
  "property": "hidden",
  "property_type": "Check",
  "row_name": null,
  "value": "0"
 },
 {
  "default_value": null,
  "doc_type": "Quotation",
  "docstatus": 0,
  "doctype": "Property Setter",
  "doctype_or_field": "DocField",
  "field_name": "rounded_total",
  "is_system_generated": 1,
  "modified": "2025-06-17 16:26:21.261341",
  "module": null,
  "name": "Quotation-rounded_total-print_hide",
  "property": "print_hide",
  "property_type": "Check",
  "row_name": null,
  "value": "0"
 },
 {
  "default_value": null,
  "doc_type": "Quotation",
  "docstatus": 0,
  "doctype": "Property Setter",
  "doctype_or_field": "DocField",
  "field_name": "disable_rounded_total",
  "is_system_generated": 1,
  "modified": "2025-06-17 16:26:21.372961",
  "module": null,
  "name": "Quotation-disable_rounded_total-default",
  "property": "default",
  "property_type": "Text",
  "row_name": null,
  "value": "0"
 },
 {
  "default_value": null,
  "doc_type": "Sales Invoice",
  "docstatus": 0,
  "doctype": "Property Setter",
  "doctype_or_field": "DocField",
  "field_name": "base_rounded_total",
  "is_system_generated": 1,
  "modified": "2025-06-17 16:26:21.598345",
  "module": null,
  "name": "Sales Invoice-base_rounded_total-hidden",
  "property": "hidden",
  "property_type": "Check",
  "row_name": null,
  "value": "0"
 },
 {
  "default_value": null,
  "doc_type": "Sales Invoice",
  "docstatus": 0,
  "doctype": "Property Setter",
  "doctype_or_field": "DocField",
  "field_name": "base_rounded_total",
  "is_system_generated": 1,
  "modified": "2025-06-17 16:26:21.630485",
  "module": null,
  "name": "Sales Invoice-base_rounded_total-print_hide",
  "property": "print_hide",
  "property_type": "Check",
  "row_name": null,
  "value": "1"
 },
 {
  "default_value": null,
  "doc_type": "Sales Invoice",
  "docstatus": 0,
  "doctype": "Property Setter",
  "doctype_or_field": "DocField",
  "field_name": "rounded_total",
  "is_system_generated": 1,
  "modified": "2025-06-17 16:26:21.663518",
  "module": null,
  "name": "Sales Invoice-rounded_total-hidden",
  "property": "hidden",
  "property_type": "Check",
  "row_name": null,
  "value": "0"
 },
 {
  "default_value": null,
  "doc_type": "Sales Invoice",
  "docstatus": 0,
  "doctype": "Property Setter",
  "doctype_or_field": "DocField",
  "field_name": "rounded_total",
  "is_system_generated": 1,
  "modified": "2025-06-17 16:26:21.710681",
  "module": null,
  "name": "Sales Invoice-rounded_total-print_hide",
  "property": "print_hide",
  "property_type": "Check",
  "row_name": null,
  "value": "0"
 },
 {
  "default_value": null,
  "doc_type": "Sales Invoice",
  "docstatus": 0,
  "doctype": "Property Setter",
  "doctype_or_field": "DocField",
  "field_name": "disable_rounded_total",
  "is_system_generated": 1,
  "modified": "2025-06-17 16:26:21.751614",
  "module": null,
  "name": "Sales Invoice-disable_rounded_total-default",
  "property": "default",
  "property_type": "Text",
  "row_name": null,
  "value": "0"
 },
 {
  "default_value": null,
  "doc_type": "Delivery Note",
  "docstatus": 0,
  "doctype": "Property Setter",
  "doctype_or_field": "DocField",
  "field_name": "base_rounded_total",
  "is_system_generated": 1,
  "modified": "2025-06-17 16:26:21.788179",
  "module": null,
  "name": "Delivery Note-base_rounded_total-hidden",
  "property": "hidden",
  "property_type": "Check",
  "row_name": null,
  "value": "0"
 },
 {
  "default_value": null,
  "doc_type": "Delivery Note",
  "docstatus": 0,
  "doctype": "Property Setter",
  "doctype_or_field": "DocField",
  "field_name": "base_rounded_total",
  "is_system_generated": 1,
  "modified": "2025-06-17 16:26:21.829926",
  "module": null,
  "name": "Delivery Note-base_rounded_total-print_hide",
  "property": "print_hide",
  "property_type": "Check",
  "row_name": null,
  "value": "1"
 },
 {
  "default_value": null,
  "doc_type": "Delivery Note",
  "docstatus": 0,
  "doctype": "Property Setter",
  "doctype_or_field": "DocField",
  "field_name": "rounded_total",
  "is_system_generated": 1,
  "modified": "2025-06-17 16:26:21.870252",
  "module": null,
  "name": "Delivery Note-rounded_total-hidden",
  "property": "hidden",
  "property_type": "Check",
  "row_name": null,
  "value": "0"
 },
 {
  "default_value": null,
  "doc_type": "Delivery Note",
  "docstatus": 0,
  "doctype": "Property Setter",
  "doctype_or_field": "DocField",
  "field_name": "rounded_total",
  "is_system_generated": 1,
  "modified": "2025-06-17 16:26:21.909494",
  "module": null,
  "name": "Delivery Note-rounded_total-print_hide",
  "property": "print_hide",
  "property_type": "Check",
  "row_name": null,
  "value": "0"
 },
 {
  "default_value": null,
  "doc_type": "Delivery Note",
  "docstatus": 0,
  "doctype": "Property Setter",
  "doctype_or_field": "DocField",
  "field_name": "disable_rounded_total",
  "is_system_generated": 1,
  "modified": "2025-06-17 16:26:21.946566",
  "module": null,
  "name": "Delivery Note-disable_rounded_total-default",
  "property": "default",
  "property_type": "Text",
  "row_name": null,
  "value": "0"
 },
 {
  "default_value": null,
  "doc_type": "Supplier Quotation",
  "docstatus": 0,
  "doctype": "Property Setter",
  "doctype_or_field": "DocField",
  "field_name": "base_rounded_total",
  "is_system_generated": 1,
  "modified": "2025-06-17 16:26:21.983759",
  "module": null,
  "name": "Supplier Quotation-base_rounded_total-hidden",
  "property": "hidden",
  "property_type": "Check",
  "row_name": null,
  "value": "0"
 },
 {
  "default_value": null,
  "doc_type": "Supplier Quotation",
  "docstatus": 0,
  "doctype": "Property Setter",
  "doctype_or_field": "DocField",
  "field_name": "base_rounded_total",
  "is_system_generated": 1,
  "modified": "2025-06-17 16:26:22.026327",
  "module": null,
  "name": "Supplier Quotation-base_rounded_total-print_hide",
  "property": "print_hide",
  "property_type": "Check",
  "row_name": null,
  "value": "1"
 },
 {
  "default_value": null,
  "doc_type": "Supplier Quotation",
  "docstatus": 0,
  "doctype": "Property Setter",
  "doctype_or_field": "DocField",
  "field_name": "rounded_total",
  "is_system_generated": 1,
  "modified": "2025-06-17 16:26:22.060282",
  "module": null,
  "name": "Supplier Quotation-rounded_total-hidden",
  "property": "hidden",
  "property_type": "Check",
  "row_name": null,
  "value": "0"
 },
 {
  "default_value": null,
  "doc_type": "Supplier Quotation",
  "docstatus": 0,
  "doctype": "Property Setter",
  "doctype_or_field": "DocField",
  "field_name": "rounded_total",
  "is_system_generated": 1,
  "modified": "2025-06-17 16:26:22.098282",
  "module": null,
  "name": "Supplier Quotation-rounded_total-print_hide",
  "property": "print_hide",
  "property_type": "Check",
  "row_name": null,
  "value": "0"
 },
 {
  "default_value": null,
  "doc_type": "Supplier Quotation",
  "docstatus": 0,
  "doctype": "Property Setter",
  "doctype_or_field": "DocField",
  "field_name": "disable_rounded_total",
  "is_system_generated": 1,
  "modified": "2025-06-17 16:26:22.136115",
  "module": null,
  "name": "Supplier Quotation-disable_rounded_total-default",
  "property": "default",
  "property_type": "Text",
  "row_name": null,
  "value": "0"
 },
 {
  "default_value": null,
  "doc_type": "Purchase Order",
  "docstatus": 0,
  "doctype": "Property Setter",
  "doctype_or_field": "DocField",
  "field_name": "base_rounded_total",
  "is_system_generated": 1,
  "modified": "2025-06-17 16:26:22.172695",
  "module": null,
  "name": "Purchase Order-base_rounded_total-hidden",
  "property": "hidden",
  "property_type": "Check",
  "row_name": null,
  "value": "0"
 },
 {
  "default_value": null,
  "doc_type": "Purchase Order",
  "docstatus": 0,
  "doctype": "Property Setter",
  "doctype_or_field": "DocField",
  "field_name": "base_rounded_total",
  "is_system_generated": 1,
  "modified": "2025-06-17 16:26:22.219643",
  "module": null,
  "name": "Purchase Order-base_rounded_total-print_hide",
  "property": "print_hide",
  "property_type": "Check",
  "row_name": null,
  "value": "1"
 },
 {
  "default_value": null,
  "doc_type": "Purchase Order",
  "docstatus": 0,
  "doctype": "Property Setter",
  "doctype_or_field": "DocField",
  "field_name": "rounded_total",
  "is_system_generated": 1,
  "modified": "2025-06-17 16:26:22.265522",
  "module": null,
  "name": "Purchase Order-rounded_total-hidden",
  "property": "hidden",
  "property_type": "Check",
  "row_name": null,
  "value": "0"
 },
 {
  "default_value": null,
  "doc_type": "Purchase Order",
  "docstatus": 0,
  "doctype": "Property Setter",
  "doctype_or_field": "DocField",
  "field_name": "rounded_total",
  "is_system_generated": 1,
  "modified": "2025-06-17 16:26:22.306752",
  "module": null,
  "name": "Purchase Order-rounded_total-print_hide",
  "property": "print_hide",
  "property_type": "Check",
  "row_name": null,
  "value": "0"
 },
 {
  "default_value": null,
  "doc_type": "Purchase Order",
  "docstatus": 0,
  "doctype": "Property Setter",
  "doctype_or_field": "DocField",
  "field_name": "disable_rounded_total",
  "is_system_generated": 1,
  "modified": "2025-06-17 16:26:22.353536",
  "module": null,
  "name": "Purchase Order-disable_rounded_total-default",
  "property": "default",
  "property_type": "Text",
  "row_name": null,
  "value": "0"
 },
 {
  "default_value": null,
  "doc_type": "Purchase Invoice",
  "docstatus": 0,
  "doctype": "Property Setter",
  "doctype_or_field": "DocField",
  "field_name": "base_rounded_total",
  "is_system_generated": 1,
  "modified": "2025-06-17 16:26:22.400987",
  "module": null,
  "name": "Purchase Invoice-base_rounded_total-hidden",
  "property": "hidden",
  "property_type": "Check",
  "row_name": null,
  "value": "0"
 },
 {
  "default_value": null,
  "doc_type": "Purchase Invoice",
  "docstatus": 0,
  "doctype": "Property Setter",
  "doctype_or_field": "DocField",
  "field_name": "base_rounded_total",
  "is_system_generated": 1,
  "modified": "2025-06-17 16:26:22.449542",
  "module": null,
  "name": "Purchase Invoice-base_rounded_total-print_hide",
  "property": "print_hide",
  "property_type": "Check",
  "row_name": null,
  "value": "1"
 },
 {
  "default_value": null,
  "doc_type": "Purchase Invoice",
  "docstatus": 0,
  "doctype": "Property Setter",
  "doctype_or_field": "DocField",
  "field_name": "rounded_total",
  "is_system_generated": 1,
  "modified": "2025-06-17 16:26:22.494278",
  "module": null,
  "name": "Purchase Invoice-rounded_total-hidden",
  "property": "hidden",
  "property_type": "Check",
  "row_name": null,
  "value": "0"
 },
 {
  "default_value": null,
  "doc_type": "Purchase Invoice",
  "docstatus": 0,
  "doctype": "Property Setter",
  "doctype_or_field": "DocField",
  "field_name": "rounded_total",
  "is_system_generated": 1,
  "modified": "2025-06-17 16:26:22.542033",
  "module": null,
  "name": "Purchase Invoice-rounded_total-print_hide",
  "property": "print_hide",
  "property_type": "Check",
  "row_name": null,
  "value": "0"
 },
 {
  "default_value": null,
  "doc_type": "Purchase Invoice",
  "docstatus": 0,
  "doctype": "Property Setter",
  "doctype_or_field": "DocField",
  "field_name": "disable_rounded_total",
  "is_system_generated": 1,
  "modified": "2025-06-17 16:26:22.589507",
  "module": null,
  "name": "Purchase Invoice-disable_rounded_total-default",
  "property": "default",
  "property_type": "Text",
  "row_name": null,
  "value": "0"
 },
 {
  "default_value": null,
  "doc_type": "Purchase Receipt",
  "docstatus": 0,
  "doctype": "Property Setter",
  "doctype_or_field": "DocField",
  "field_name": "base_rounded_total",
  "is_system_generated": 1,
  "modified": "2025-06-17 16:26:22.637945",
  "module": null,
  "name": "Purchase Receipt-base_rounded_total-hidden",
  "property": "hidden",
  "property_type": "Check",
  "row_name": null,
  "value": "0"
 },
 {
  "default_value": null,
  "doc_type": "Purchase Receipt",
  "docstatus": 0,
  "doctype": "Property Setter",
  "doctype_or_field": "DocField",
  "field_name": "base_rounded_total",
  "is_system_generated": 1,
  "modified": "2025-06-17 16:26:22.686178",
  "module": null,
  "name": "Purchase Receipt-base_rounded_total-print_hide",
  "property": "print_hide",
  "property_type": "Check",
  "row_name": null,
  "value": "1"
 },
 {
  "default_value": null,
  "doc_type": "Purchase Receipt",
  "docstatus": 0,
  "doctype": "Property Setter",
  "doctype_or_field": "DocField",
  "field_name": "rounded_total",
  "is_system_generated": 1,
  "modified": "2025-06-17 16:26:22.745782",
  "module": null,
  "name": "Purchase Receipt-rounded_total-hidden",
  "property": "hidden",
  "property_type": "Check",
  "row_name": null,
  "value": "0"
 },
 {
  "default_value": null,
  "doc_type": "Purchase Receipt",
  "docstatus": 0,
  "doctype": "Property Setter",
  "doctype_or_field": "DocField",
  "field_name": "rounded_total",
  "is_system_generated": 1,
  "modified": "2025-06-17 16:26:22.774231",
  "module": null,
  "name": "Purchase Receipt-rounded_total-print_hide",
  "property": "print_hide",
  "property_type": "Check",
  "row_name": null,
  "value": "0"
 },
 {
  "default_value": null,
  "doc_type": "Purchase Receipt",
  "docstatus": 0,
  "doctype": "Property Setter",
  "doctype_or_field": "DocField",
  "field_name": "disable_rounded_total",
  "is_system_generated": 1,
  "modified": "2025-06-17 16:26:22.800303",
  "module": null,
  "name": "Purchase Receipt-disable_rounded_total-default",
  "property": "default",
  "property_type": "Text",
  "row_name": null,
  "value": "0"
 },
 {
  "default_value": null,
  "doc_type": "Quotation",
  "docstatus": 0,
  "doctype": "Property Setter",
  "doctype_or_field": "DocField",
  "field_name": "in_words",
  "is_system_generated": 1,
  "modified": "2025-06-17 16:26:22.845143",
  "module": null,
  "name": "Quotation-in_words-hidden",
  "property": "hidden",
  "property_type": "Check",
  "row_name": null,
  "value": "0"
 },
 {
  "default_value": null,
  "doc_type": "Quotation",
  "docstatus": 0,
  "doctype": "Property Setter",
  "doctype_or_field": "DocField",
  "field_name": "in_words",
  "is_system_generated": 1,
  "modified": "2025-06-17 16:26:22.870647",
  "module": null,
  "name": "Quotation-in_words-print_hide",
  "property": "print_hide",
  "property_type": "Check",
  "row_name": null,
  "value": "0"
 },
 {
  "default_value": null,
  "doc_type": "Sales Invoice",
  "docstatus": 0,
  "doctype": "Property Setter",
  "doctype_or_field": "DocField",
  "field_name": "in_words",
  "is_system_generated": 1,
  "modified": "2025-06-17 16:26:22.956012",
  "module": null,
  "name": "Sales Invoice-in_words-hidden",
  "property": "hidden",
  "property_type": "Check",
  "row_name": null,
  "value": "0"
 },
 {
  "default_value": null,
  "doc_type": "Sales Invoice",
  "docstatus": 0,
  "doctype": "Property Setter",
  "doctype_or_field": "DocField",
  "field_name": "in_words",
  "is_system_generated": 1,
  "modified": "2025-06-17 16:26:22.982255",
  "module": null,
  "name": "Sales Invoice-in_words-print_hide",
  "property": "print_hide",
  "property_type": "Check",
  "row_name": null,
  "value": "0"
 },
 {
  "default_value": null,
  "doc_type": "Delivery Note",
  "docstatus": 0,
  "doctype": "Property Setter",
  "doctype_or_field": "DocField",
  "field_name": "in_words",
  "is_system_generated": 1,
  "modified": "2025-06-17 16:26:23.006594",
  "module": null,
  "name": "Delivery Note-in_words-hidden",
  "property": "hidden",
  "property_type": "Check",
  "row_name": null,
  "value": "0"
 },
 {
  "default_value": null,
  "doc_type": "Delivery Note",
  "docstatus": 0,
  "doctype": "Property Setter",
  "doctype_or_field": "DocField",
  "field_name": "in_words",
  "is_system_generated": 1,
  "modified": "2025-06-17 16:26:23.050750",
  "module": null,
  "name": "Delivery Note-in_words-print_hide",
  "property": "print_hide",
  "property_type": "Check",
  "row_name": null,
  "value": "0"
 },
 {
  "default_value": null,
  "doc_type": "Supplier Quotation",
  "docstatus": 0,
  "doctype": "Property Setter",
  "doctype_or_field": "DocField",
  "field_name": "in_words",
  "is_system_generated": 1,
  "modified": "2025-06-17 16:26:23.089457",
  "module": null,
  "name": "Supplier Quotation-in_words-hidden",
  "property": "hidden",
  "property_type": "Check",
  "row_name": null,
  "value": "0"
 },
 {
  "default_value": null,
  "doc_type": "Supplier Quotation",
  "docstatus": 0,
  "doctype": "Property Setter",
  "doctype_or_field": "DocField",
  "field_name": "in_words",
  "is_system_generated": 1,
  "modified": "2025-06-17 16:26:23.129518",
  "module": null,
  "name": "Supplier Quotation-in_words-print_hide",
  "property": "print_hide",
  "property_type": "Check",
  "row_name": null,
  "value": "0"
 },
 {
  "default_value": null,
  "doc_type": "Purchase Order",
  "docstatus": 0,
  "doctype": "Property Setter",
  "doctype_or_field": "DocField",
  "field_name": "in_words",
  "is_system_generated": 1,
  "modified": "2025-06-17 16:26:23.170938",
  "module": null,
  "name": "Purchase Order-in_words-hidden",
  "property": "hidden",
  "property_type": "Check",
  "row_name": null,
  "value": "0"
 },
 {
  "default_value": null,
  "doc_type": "Purchase Order",
  "docstatus": 0,
  "doctype": "Property Setter",
  "doctype_or_field": "DocField",
  "field_name": "in_words",
  "is_system_generated": 1,
  "modified": "2025-06-17 16:26:23.209510",
  "module": null,
  "name": "Purchase Order-in_words-print_hide",
  "property": "print_hide",
  "property_type": "Check",
  "row_name": null,
  "value": "0"
 },
 {
  "default_value": null,
  "doc_type": "Purchase Invoice",
  "docstatus": 0,
  "doctype": "Property Setter",
  "doctype_or_field": "DocField",
  "field_name": "in_words",
  "is_system_generated": 1,
  "modified": "2025-06-17 16:26:23.238496",
  "module": null,
  "name": "Purchase Invoice-in_words-hidden",
  "property": "hidden",
  "property_type": "Check",
  "row_name": null,
  "value": "0"
 },
 {
  "default_value": null,
  "doc_type": "Purchase Invoice",
  "docstatus": 0,
  "doctype": "Property Setter",
  "doctype_or_field": "DocField",
  "field_name": "in_words",
  "is_system_generated": 1,
  "modified": "2025-06-17 16:26:23.258486",
  "module": null,
  "name": "Purchase Invoice-in_words-print_hide",
  "property": "print_hide",
  "property_type": "Check",
  "row_name": null,
  "value": "0"
 },
 {
  "default_value": null,
  "doc_type": "Purchase Receipt",
  "docstatus": 0,
  "doctype": "Property Setter",
  "doctype_or_field": "DocField",
  "field_name": "in_words",
  "is_system_generated": 1,
  "modified": "2025-06-17 16:26:23.278230",
  "module": null,
  "name": "Purchase Receipt-in_words-hidden",
  "property": "hidden",
  "property_type": "Check",
  "row_name": null,
  "value": "0"
 },
 {
  "default_value": null,
  "doc_type": "Purchase Receipt",
  "docstatus": 0,
  "doctype": "Property Setter",
  "doctype_or_field": "DocField",
  "field_name": "in_words",
  "is_system_generated": 1,
  "modified": "2025-06-17 16:26:23.304976",
  "module": null,
  "name": "Purchase Receipt-in_words-print_hide",
  "property": "print_hide",
  "property_type": "Check",
  "row_name": null,
  "value": "0"
 },
 {
  "default_value": null,
  "doc_type": "Item",
  "docstatus": 0,
  "doctype": "Property Setter",
  "doctype_or_field": "DocField",
  "field_name": "naming_series",
  "is_system_generated": 1,
  "modified": "2025-06-17 16:26:28.235349",
  "module": null,
  "name": "Item-naming_series-reqd",
  "property": "reqd",
  "property_type": "Check",
  "row_name": null,
  "value": "0"
 },
 {
  "default_value": null,
  "doc_type": "Item",
  "docstatus": 0,
  "doctype": "Property Setter",
  "doctype_or_field": "DocField",
  "field_name": "naming_series",
  "is_system_generated": 1,
  "modified": "2025-06-17 16:26:29.319396",
  "module": null,
  "name": "Item-naming_series-hidden",
  "property": "hidden",
  "property_type": "Check",
  "row_name": null,
  "value": "1"
 },
 {
  "default_value": null,
  "doc_type": "Item",
  "docstatus": 0,
  "doctype": "Property Setter",
  "doctype_or_field": "DocField",
  "field_name": "item_code",
  "is_system_generated": 1,
  "modified": "2025-06-17 16:26:29.362781",
  "module": null,
  "name": "Item-item_code-hidden",
  "property": "hidden",
  "property_type": "Check",
  "row_name": null,
  "value": "0"
 },
 {
  "default_value": null,
  "doc_type": "Item",
  "docstatus": 0,
  "doctype": "Property Setter",
  "doctype_or_field": "DocField",
  "field_name": "item_code",
  "is_system_generated": 1,
  "modified": "2025-06-17 16:26:29.411522",
  "module": null,
  "name": "Item-item_code-reqd",
  "property": "reqd",
  "property_type": "Check",
  "row_name": null,
  "value": "1"
 },
 {
  "default_value": null,
  "doc_type": "POS Invoice Item",
  "docstatus": 0,
  "doctype": "Property Setter",
  "doctype_or_field": "DocField",
  "field_name": "barcode",
  "is_system_generated": 1,
  "modified": "2025-06-17 16:26:29.470488",
  "module": null,
  "name": "POS Invoice Item-barcode-hidden",
  "property": "hidden",
  "property_type": "Check",
  "row_name": null,
  "value": "0"
 },
 {
  "default_value": null,
  "doc_type": "Sales Invoice Item",
  "docstatus": 0,
  "doctype": "Property Setter",
  "doctype_or_field": "DocField",
  "field_name": "barcode",
  "is_system_generated": 1,
  "modified": "2025-06-17 16:26:29.522026",
  "module": null,
  "name": "Sales Invoice Item-barcode-hidden",
  "property": "hidden",
  "property_type": "Check",
  "row_name": null,
  "value": "0"
 },
 {
  "default_value": null,
  "doc_type": "Job Card",
  "docstatus": 0,
  "doctype": "Property Setter",
  "doctype_or_field": "DocField",
  "field_name": "barcode",
  "is_system_generated": 1,
  "modified": "2025-06-17 16:26:29.567294",
  "module": null,
  "name": "Job Card-barcode-hidden",
  "property": "hidden",
  "property_type": "Check",
  "row_name": null,
  "value": "0"
 },
 {
  "default_value": null,
  "doc_type": "Item Barcode",
  "docstatus": 0,
  "doctype": "Property Setter",
  "doctype_or_field": "DocField",
  "field_name": "barcode",
  "is_system_generated": 1,
  "modified": "2025-06-17 16:26:29.608287",
  "module": null,
  "name": "Item Barcode-barcode-hidden",
  "property": "hidden",
  "property_type": "Check",
  "row_name": null,
  "value": "0"
 },
 {
  "default_value": null,
  "doc_type": "Delivery Note Item",
  "docstatus": 0,
  "doctype": "Property Setter",
  "doctype_or_field": "DocField",
  "field_name": "barcode",
  "is_system_generated": 1,
  "modified": "2025-06-17 16:26:29.642537",
  "module": null,
  "name": "Delivery Note Item-barcode-hidden",
  "property": "hidden",
  "property_type": "Check",
  "row_name": null,
  "value": "0"
 },
 {
  "default_value": null,
  "doc_type": "Stock Reconciliation Item",
  "docstatus": 0,
  "doctype": "Property Setter",
  "doctype_or_field": "DocField",
  "field_name": "barcode",
  "is_system_generated": 1,
  "modified": "2025-06-17 16:26:29.675464",
  "module": null,
  "name": "Stock Reconciliation Item-barcode-hidden",
  "property": "hidden",
  "property_type": "Check",
  "row_name": null,
  "value": "0"
 },
 {
  "default_value": null,
  "doc_type": "Purchase Receipt Item",
  "docstatus": 0,
  "doctype": "Property Setter",
  "doctype_or_field": "DocField",
  "field_name": "barcode",
  "is_system_generated": 1,
  "modified": "2025-06-17 16:26:29.705609",
  "module": null,
  "name": "Purchase Receipt Item-barcode-hidden",
  "property": "hidden",
  "property_type": "Check",
  "row_name": null,
  "value": "0"
 },
 {
  "default_value": null,
  "doc_type": "Stock Entry Detail",
  "docstatus": 0,
  "doctype": "Property Setter",
  "doctype_or_field": "DocField",
  "field_name": "barcode",
  "is_system_generated": 1,
  "modified": "2025-06-17 16:26:29.731656",
  "module": null,
  "name": "Stock Entry Detail-barcode-hidden",
  "property": "hidden",
  "property_type": "Check",
  "row_name": null,
  "value": "0"
 },
 {
  "default_value": null,
  "doc_type": "Item",
  "docstatus": 0,
  "doctype": "Property Setter",
  "doctype_or_field": "DocField",
  "field_name": "barcodes",
  "is_system_generated": 1,
  "modified": "2025-06-17 16:26:29.777878",
  "module": null,
  "name": "Item-barcodes-hidden",
  "property": "hidden",
  "property_type": "Check",
  "row_name": null,
  "value": "0"
 },
 {
  "default_value": null,
  "doc_type": "Purchase Invoice",
  "docstatus": 0,
  "doctype": "Property Setter",
  "doctype_or_field": "DocField",
  "field_name": "scan_barcode",
  "is_system_generated": 1,
  "modified": "2025-06-17 16:26:29.822832",
  "module": null,
  "name": "Purchase Invoice-scan_barcode-hidden",
  "property": "hidden",
  "property_type": "Check",
  "row_name": null,
  "value": "0"
 },
 {
  "default_value": null,
  "doc_type": "POS Invoice",
  "docstatus": 0,
  "doctype": "Property Setter",
  "doctype_or_field": "DocField",
  "field_name": "scan_barcode",
  "is_system_generated": 1,
  "modified": "2025-06-17 16:26:29.865822",
  "module": null,
  "name": "POS Invoice-scan_barcode-hidden",
  "property": "hidden",
  "property_type": "Check",
  "row_name": null,
  "value": "0"
 },
 {
  "default_value": null,
  "doc_type": "Sales Invoice",
  "docstatus": 0,
  "doctype": "Property Setter",
  "doctype_or_field": "DocField",
  "field_name": "scan_barcode",
  "is_system_generated": 1,
  "modified": "2025-06-17 16:26:29.905793",
  "module": null,
  "name": "Sales Invoice-scan_barcode-hidden",
  "property": "hidden",
  "property_type": "Check",
  "row_name": null,
  "value": "0"
 },
 {
  "default_value": null,
  "doc_type": "Purchase Order",
  "docstatus": 0,
  "doctype": "Property Setter",
  "doctype_or_field": "DocField",
  "field_name": "scan_barcode",
  "is_system_generated": 1,
  "modified": "2025-06-17 16:26:29.944853",
  "module": null,
  "name": "Purchase Order-scan_barcode-hidden",
  "property": "hidden",
  "property_type": "Check",
  "row_name": null,
  "value": "0"
 },
 {
  "default_value": null,
  "doc_type": "Quotation",
  "docstatus": 0,
  "doctype": "Property Setter",
  "doctype_or_field": "DocField",
  "field_name": "scan_barcode",
  "is_system_generated": 1,
  "modified": "2025-06-17 16:26:30.048119",
  "module": null,
  "name": "Quotation-scan_barcode-hidden",
  "property": "hidden",
  "property_type": "Check",
  "row_name": null,
  "value": "0"
 },
 {
  "default_value": null,
  "doc_type": "Material Request",
  "docstatus": 0,
  "doctype": "Property Setter",
  "doctype_or_field": "DocField",
  "field_name": "scan_barcode",
  "is_system_generated": 1,
  "modified": "2025-06-17 16:26:30.121299",
  "module": null,
  "name": "Material Request-scan_barcode-hidden",
  "property": "hidden",
  "property_type": "Check",
  "row_name": null,
  "value": "0"
 },
 {
  "default_value": null,
  "doc_type": "Delivery Note",
  "docstatus": 0,
  "doctype": "Property Setter",
  "doctype_or_field": "DocField",
  "field_name": "scan_barcode",
  "is_system_generated": 1,
  "modified": "2025-06-17 16:26:30.168481",
  "module": null,
  "name": "Delivery Note-scan_barcode-hidden",
  "property": "hidden",
  "property_type": "Check",
  "row_name": null,
  "value": "0"
 },
 {
  "default_value": null,
  "doc_type": "Stock Entry",
  "docstatus": 0,
  "doctype": "Property Setter",
  "doctype_or_field": "DocField",
  "field_name": "scan_barcode",
  "is_system_generated": 1,
  "modified": "2025-06-17 16:26:30.216071",
  "module": null,
  "name": "Stock Entry-scan_barcode-hidden",
  "property": "hidden",
  "property_type": "Check",
  "row_name": null,
  "value": "0"
 },
 {
  "default_value": null,
  "doc_type": "Pick List",
  "docstatus": 0,
  "doctype": "Property Setter",
  "doctype_or_field": "DocField",
  "field_name": "scan_barcode",
  "is_system_generated": 1,
  "modified": "2025-06-17 16:26:30.252508",
  "module": null,
  "name": "Pick List-scan_barcode-hidden",
  "property": "hidden",
  "property_type": "Check",
  "row_name": null,
  "value": "0"
 },
 {
  "default_value": null,
  "doc_type": "Purchase Receipt",
  "docstatus": 0,
  "doctype": "Property Setter",
  "doctype_or_field": "DocField",
  "field_name": "scan_barcode",
  "is_system_generated": 1,
  "modified": "2025-06-17 16:26:30.276848",
  "module": null,
  "name": "Purchase Receipt-scan_barcode-hidden",
  "property": "hidden",
  "property_type": "Check",
  "row_name": null,
  "value": "0"
 },
 {
  "default_value": null,
  "doc_type": "Stock Reconciliation",
  "docstatus": 0,
  "doctype": "Property Setter",
  "doctype_or_field": "DocField",
  "field_name": "scan_barcode",
  "is_system_generated": 1,
  "modified": "2025-06-17 16:26:30.306759",
  "module": null,
  "name": "Stock Reconciliation-scan_barcode-hidden",
  "property": "hidden",
  "property_type": "Check",
  "row_name": null,
  "value": "0"
 },
 {
  "default_value": null,
  "doc_type": "Sales Invoice Item",
  "docstatus": 0,
  "doctype": "Property Setter",
  "doctype_or_field": "DocField",
  "field_name": "target_warehouse",
  "is_system_generated": 1,
  "modified": "2025-06-17 16:26:30.418439",
  "module": null,
  "name": "Sales Invoice Item-target_warehouse-hidden",
  "property": "hidden",
  "property_type": "Check",
  "row_name": null,
  "value": "1"
 },
 {
  "default_value": null,
  "doc_type": "Delivery Note Item",
  "docstatus": 0,
  "doctype": "Property Setter",
  "doctype_or_field": "DocField",
  "field_name": "target_warehouse",
  "is_system_generated": 1,
  "modified": "2025-06-17 16:26:30.471352",
  "module": null,
  "name": "Delivery Note Item-target_warehouse-hidden",
  "property": "hidden",
  "property_type": "Check",
  "row_name": null,
  "value": "1"
 },
 {
  "default_value": null,
  "doc_type": "Purchase Invoice Item",
  "docstatus": 0,
  "doctype": "Property Setter",
  "doctype_or_field": "DocField",
  "field_name": "from_warehouse",
  "is_system_generated": 1,
  "modified": "2025-06-17 16:26:30.526589",
  "module": null,
  "name": "Purchase Invoice Item-from_warehouse-hidden",
  "property": "hidden",
  "property_type": "Check",
  "row_name": null,
  "value": "1"
 },
 {
  "default_value": null,
  "doc_type": "Purchase Receipt Item",
  "docstatus": 0,
  "doctype": "Property Setter",
  "doctype_or_field": "DocField",
  "field_name": "from_warehouse",
  "is_system_generated": 1,
  "modified": "2025-06-17 16:26:30.584975",
  "module": null,
  "name": "Purchase Receipt Item-from_warehouse-hidden",
  "property": "hidden",
  "property_type": "Check",
  "row_name": null,
  "value": "1"
 },
 {
  "default_value": null,
  "doc_type": "Sales Invoice",
  "docstatus": 0,
  "doctype": "Property Setter",
  "doctype_or_field": "DocField",
  "field_name": "due_date",
  "is_system_generated": 1,
  "modified": "2025-06-17 18:33:29.201625",
  "module": null,
  "name": "Sales Invoice-due_date-print_hide",
  "property": "print_hide",
  "property_type": "Check",
  "row_name": null,
  "value": "0"
 },
 {
  "default_value": null,
  "doc_type": "Sales Invoice",
  "docstatus": 0,
  "doctype": "Property Setter",
  "doctype_or_field": "DocField",
  "field_name": "payment_schedule",
  "is_system_generated": 1,
  "modified": "2025-06-17 18:33:29.211617",
  "module": null,
  "name": "Sales Invoice-payment_schedule-print_hide",
  "property": "print_hide",
  "property_type": "Check",
  "row_name": null,
  "value": "1"
 },
 {
  "default_value": null,
  "doc_type": "Purchase Order",
  "docstatus": 0,
  "doctype": "Property Setter",
  "doctype_or_field": "DocField",
  "field_name": "due_date",
  "is_system_generated": 1,
  "modified": "2025-06-17 18:33:29.220763",
  "module": null,
  "name": "Purchase Order-due_date-print_hide",
  "property": "print_hide",
  "property_type": "Check",
  "row_name": null,
  "value": "0"
 },
 {
  "default_value": null,
  "doc_type": "Purchase Order",
  "docstatus": 0,
  "doctype": "Property Setter",
  "doctype_or_field": "DocField",
  "field_name": "payment_schedule",
  "is_system_generated": 1,
  "modified": "2025-06-17 18:33:29.232352",
  "module": null,
  "name": "Purchase Order-payment_schedule-print_hide",
  "property": "print_hide",
  "property_type": "Check",
  "row_name": null,
  "value": "1"
 },
 {
  "default_value": null,
  "doc_type": "Purchase Invoice",
  "docstatus": 0,
  "doctype": "Property Setter",
  "doctype_or_field": "DocField",
  "field_name": "due_date",
  "is_system_generated": 1,
  "modified": "2025-06-17 18:33:29.242053",
  "module": null,
  "name": "Purchase Invoice-due_date-print_hide",
  "property": "print_hide",
  "property_type": "Check",
  "row_name": null,
  "value": "0"
 },
 {
  "default_value": null,
  "doc_type": "Purchase Invoice",
  "docstatus": 0,
  "doctype": "Property Setter",
  "doctype_or_field": "DocField",
  "field_name": "payment_schedule",
  "is_system_generated": 1,
  "modified": "2025-06-17 18:33:29.252077",
  "module": null,
  "name": "Purchase Invoice-payment_schedule-print_hide",
  "property": "print_hide",
  "property_type": "Check",
  "row_name": null,
  "value": "1"
 },
 {
  "default_value": null,
  "doc_type": "Item",
  "docstatus": 0,
  "doctype": "Property Setter",
  "doctype_or_field": "DocType",
  "field_name": null,
  "is_system_generated": 0,
  "modified": "2025-06-25 08:29:59.542561",
  "module": null,
  "name": "Item-main-field_order",
  "property": "field_order",
  "property_type": "Data",
  "row_name": null,
  "value": "[\"details\", \"naming_series\", \"item_code\", \"item_name\", \"item_group\", \"custom_default_warehouse\", \"stock_uom\", \"reorder_level\", \"bean_origin\", \"column_break0\", \"disabled\", \"allow_alternative_item\", \"is_stock_item\", \"has_variants\", \"opening_stock\", \"valuation_rate\", \"standard_rate\", \"is_fixed_asset\", \"auto_create_assets\", \"is_grouped_asset\", \"asset_category\", \"asset_naming_series\", \"over_delivery_receipt_allowance\", \"over_billing_allowance\", \"image\", \"section_break_11\", \"description\", \"brand\", \"unit_of_measure_conversion\", \"uoms\", \"dashboard_tab\", \"inventory_section\", \"inventory_settings_section\", \"shelf_life_in_days\", \"end_of_life\", \"default_material_request_type\", \"valuation_method\", \"column_break1\", \"warranty_period\", \"weight_per_unit\", \"weight_uom\", \"allow_negative_stock\", \"sb_barcodes\", \"barcodes\", \"reorder_section\", \"reorder_levels\", \"serial_nos_and_batches\", \"has_batch_no\", \"create_new_batch\", \"batch_number_series\", \"has_expiry_date\", \"retain_sample\", \"sample_quantity\", \"column_break_37\", \"has_serial_no\", \"serial_no_series\", \"variants_section\", \"variant_of\", \"variant_based_on\", \"attributes\", \"accounting\", \"deferred_accounting_section\", \"enable_deferred_expense\", \"no_of_months_exp\", \"column_break_9s9o\", \"enable_deferred_revenue\", \"no_of_months\", \"section_break_avcp\", \"item_defaults\", \"purchasing_tab\", \"purchase_uom\", \"min_order_qty\", \"safety_stock\", \"is_purchase_item\", \"purchase_details_cb\", \"lead_time_days\", \"last_purchase_rate\", \"is_customer_provided_item\", \"customer\", \"supplier_details\", \"delivered_by_supplier\", \"column_break2\", \"supplier_items\", \"foreign_trade_details\", \"country_of_origin\", \"column_break_59\", \"customs_tariff_number\", \"sales_details\", \"sales_uom\", \"grant_commission\", \"is_sales_item\", \"column_break3\", \"max_discount\", \"customer_details\", \"customer_items\", \"item_tax_section_break\", \"taxes\", \"quality_tab\", \"inspection_required_before_purchase\", \"quality_inspection_template\", \"inspection_required_before_delivery\", \"manufacturing\", \"include_item_in_manufacturing\", \"is_sub_contracted_item\", \"default_bom\", \"column_break_74\", \"customer_code\", \"default_item_manufacturer\", \"default_manufacturer_part_no\", \"total_projected_qty\"]"
 },
 {
  "default_value": null,
  "doc_type": "Sales Invoice Item",
  "docstatus": 0,
  "doctype": "Property Setter",
  "doctype_or_field": "DocField",
  "field_name": "batch_no",
  "is_system_generated": 0,
  "modified": "2025-06-29 03:12:30.710011",
  "module": null,
  "name": "Sales Invoice Item-batch_no-in_list_view",
  "property": "in_list_view",
  "property_type": "Check",
  "row_name": null,
  "value": "1"
 },
 {
  "default_value": null,
  "doc_type": "Sales Order Item",
  "docstatus": 0,
  "doctype": "Property Setter",
  "doctype_or_field": "DocType",
  "field_name": null,
  "is_system_generated": 0,
  "modified": "2025-06-29 03:15:47.639085",
  "module": null,
  "name": "Sales Order Item-main-field_order",
  "property": "field_order",
  "property_type": "Data",
  "row_name": null,
  "value": "[\"item_code\", \"customer_item_code\", \"ensure_delivery_based_on_produced_serial_no\", \"is_stock_item\", \"reserve_stock\", \"col_break1\", \"delivery_date\", \"item_name\", \"custom_batch_no\", \"section_break_5\", \"description\", \"item_group\", \"brand\", \"image_section\", \"image\", \"image_view\", \"quantity_and_rate\", \"qty\", \"stock_uom\", \"col_break2\", \"uom\", \"conversion_factor\", \"stock_qty\", \"stock_reserved_qty\", \"section_break_16\", \"price_list_rate\", \"base_price_list_rate\", \"discount_and_margin\", \"margin_type\", \"margin_rate_or_amount\", \"rate_with_margin\", \"column_break_19\", \"discount_percentage\", \"discount_amount\", \"distributed_discount_amount\", \"base_rate_with_margin\", \"section_break_simple1\", \"rate\", \"amount\", \"item_tax_template\", \"col_break3\", \"base_rate\", \"base_amount\", \"pricing_rules\", \"stock_uom_rate\", \"is_free_item\", \"grant_commission\", \"section_break_24\", \"net_rate\", \"net_amount\", \"column_break_27\", \"base_net_rate\", \"base_net_amount\", \"billed_amt\", \"valuation_rate\", \"gross_profit\", \"drop_ship_section\", \"delivered_by_supplier\", \"supplier\", \"item_weight_details\", \"weight_per_unit\", \"total_weight\", \"column_break_21\", \"weight_uom\", \"warehouse_and_reference\", \"warehouse\", \"target_warehouse\", \"prevdoc_docname\", \"quotation_item\", \"col_break4\", \"against_blanket_order\", \"blanket_order\", \"blanket_order_rate\", \"available_quantity_section\", \"actual_qty\", \"column_break_jpky\", \"company_total_stock\", \"manufacturing_section_section\", \"bom_no\", \"planning_section\", \"projected_qty\", \"ordered_qty\", \"planned_qty\", \"production_plan_qty\", \"column_break_69\", \"work_order_qty\", \"delivered_qty\", \"produced_qty\", \"returned_qty\", \"picked_qty\", \"shopping_cart_section\", \"additional_notes\", \"section_break_63\", \"page_break\", \"item_tax_rate\", \"transaction_date\", \"inter_transfer_reference_section\", \"material_request\", \"purchase_order\", \"column_break_89\", \"material_request_item\", \"purchase_order_item\", \"accounting_dimensions_section\", \"cost_center\", \"column_break_ihdh\", \"project\"]"
 },
 {
  "default_value": null,
  "doc_type": "Delivery Note",
  "docstatus": 0,
  "doctype": "Property Setter",
  "doctype_or_field": "DocType",
  "field_name": null,
  "is_system_generated": 0,
  "modified": "2025-06-29 03:46:20.089926",
  "module": null,
  "name": "Delivery Note-main-field_order",
  "property": "field_order",
  "property_type": "Data",
  "row_name": null,
  "value": "[\"title\", \"naming_series\", \"customer\", \"tax_id\", \"customer_name\", \"batch_no\", \"column_break1\", \"posting_date\", \"posting_time\", \"set_posting_time\", \"column_break_10\", \"company\", \"amended_from\", \"is_return\", \"issue_credit_note\", \"return_against\", \"accounting_dimensions_section\", \"cost_center\", \"column_break_18\", \"project\", \"dimension_col_break\", \"currency_and_price_list\", \"currency\", \"conversion_rate\", \"col_break23\", \"selling_price_list\", \"price_list_currency\", \"plc_conversion_rate\", \"ignore_pricing_rule\", \"items_section\", \"scan_barcode\", \"pick_list\", \"col_break_warehouse\", \"set_warehouse\", \"set_target_warehouse\", \"section_break_30\", \"items\", \"section_break_31\", \"total_qty\", \"total_net_weight\", \"column_break_35\", \"base_total\", \"base_net_total\", \"column_break_33\", \"total\", \"net_total\", \"taxes_section\", \"tax_category\", \"taxes_and_charges\", \"column_break_43\", \"shipping_rule\", \"column_break_39\", \"incoterm\", \"named_place\", \"section_break_41\", \"taxes\", \"section_break_44\", \"base_total_taxes_and_charges\", \"column_break_47\", \"total_taxes_and_charges\", \"totals\", \"base_grand_total\", \"base_rounding_adjustment\", \"base_rounded_total\", \"base_in_words\", \"column_break3\", \"grand_total\", \"rounding_adjustment\", \"rounded_total\", \"in_words\", \"disable_rounded_total\", \"section_break_49\", \"apply_discount_on\", \"base_discount_amount\", \"column_break_51\", \"additional_discount_percentage\", \"discount_amount\", \"sec_tax_breakup\", \"other_charges_calculation\", \"packing_list\", \"packed_items\", \"product_bundle_help\", \"pricing_rule_details\", \"pricing_rules\", \"address_and_contact_tab\", \"contact_info\", \"customer_address\", \"address_display\", \"col_break21\", \"contact_person\", \"contact_display\", \"contact_mobile\", \"contact_email\", \"shipping_address_section\", \"shipping_address_name\", \"shipping_address\", \"column_break_95\", \"dispatch_address_name\", \"dispatch_address\", \"company_address_section\", \"company_address\", \"company_address_display\", \"column_break_101\", \"company_contact_person\", \"terms_tab\", \"tc_name\", \"terms\", \"more_info_tab\", \"section_break_83\", \"per_billed\", \"status\", \"column_break_112\", \"per_installed\", \"installation_status\", \"column_break_89\", \"per_returned\", \"transporter_info\", \"transporter\", \"driver\", \"lr_no\", \"vehicle_no\", \"col_break34\", \"transporter_name\", \"driver_name\", \"lr_date\", \"customer_po_details\", \"po_no\", \"column_break_17\", \"po_date\", \"sales_team_section_break\", \"sales_partner\", \"amount_eligible_for_commission\", \"column_break7\", \"commission_rate\", \"total_commission\", \"section_break1\", \"sales_team\", \"subscription_section\", \"auto_repeat\", \"printing_details\", \"letter_head\", \"print_without_amount\", \"group_same_items\", \"column_break_88\", \"select_print_heading\", \"language\", \"more_info\", \"is_internal_customer\", \"represents_company\", \"inter_company_reference\", \"customer_group\", \"territory\", \"source\", \"campaign\", \"column_break5\", \"excise_page\", \"instructions\", \"connections_tab\"]"
 },
 {
  "default_value": null,
  "doc_type": "Sales Invoice",
  "docstatus": 0,
  "doctype": "Property Setter",
  "doctype_or_field": "DocType",
  "field_name": null,
  "is_system_generated": 0,
  "modified": "2025-06-29 03:48:59.530069",
  "module": null,
  "name": "Sales Invoice-main-field_order",
  "property": "field_order",
  "property_type": "Data",
  "row_name": null,
  "value": "[\"customer_section\", \"title\", \"naming_series\", \"customer\", \"customer_name\", \"tax_id\", \"company\", \"company_tax_id\", \"custom_batch_no\", \"column_break1\", \"posting_date\", \"posting_time\", \"set_posting_time\", \"due_date\", \"column_break_14\", \"is_pos\", \"pos_profile\", \"is_consolidated\", \"is_return\", \"return_against\", \"update_outstanding_for_self\", \"update_billed_amount_in_sales_order\", \"update_billed_amount_in_delivery_note\", \"is_debit_note\", \"amended_from\", \"accounting_dimensions_section\", \"cost_center\", \"dimension_col_break\", \"project\", \"currency_and_price_list\", \"currency\", \"conversion_rate\", \"column_break2\", \"selling_price_list\", \"price_list_currency\", \"plc_conversion_rate\", \"ignore_pricing_rule\", \"items_section\", \"scan_barcode\", \"update_stock\", \"column_break_39\", \"set_warehouse\", \"set_target_warehouse\", \"section_break_42\", \"items\", \"section_break_30\", \"total_qty\", \"total_net_weight\", \"column_break_32\", \"base_total\", \"base_net_total\", \"column_break_52\", \"total\", \"net_total\", \"taxes_section\", \"tax_category\", \"taxes_and_charges\", \"column_break_38\", \"shipping_rule\", \"column_break_55\", \"incoterm\", \"named_place\", \"section_break_40\", \"taxes\", \"section_break_43\", \"base_total_taxes_and_charges\", \"column_break_47\", \"total_taxes_and_charges\", \"totals\", \"base_grand_total\", \"base_rounding_adjustment\", \"base_rounded_total\", \"base_in_words\", \"column_break5\", \"grand_total\", \"rounding_adjustment\", \"use_company_roundoff_cost_center\", \"rounded_total\", \"in_words\", \"total_advance\", \"outstanding_amount\", \"disable_rounded_total\", \"section_break_49\", \"apply_discount_on\", \"base_discount_amount\", \"is_cash_or_non_trade_discount\", \"additional_discount_account\", \"column_break_51\", \"additional_discount_percentage\", \"discount_amount\", \"sec_tax_breakup\", \"other_charges_calculation\", \"pricing_rule_details\", \"pricing_rules\", \"packing_list\", \"packed_items\", \"product_bundle_help\", \"time_sheet_list\", \"timesheets\", \"section_break_104\", \"total_billing_hours\", \"column_break_106\", \"total_billing_amount\", \"payments_tab\", \"payments_section\", \"cash_bank_account\", \"payments\", \"section_break_84\", \"base_paid_amount\", \"column_break_86\", \"paid_amount\", \"section_break_88\", \"base_change_amount\", \"column_break_90\", \"change_amount\", \"account_for_change_amount\", \"advances_section\", \"allocate_advances_automatically\", \"only_include_allocated_payments\", \"get_advances\", \"advances\", \"write_off_section\", \"write_off_amount\", \"base_write_off_amount\", \"write_off_outstanding_amount_automatically\", \"column_break_74\", \"write_off_account\", \"write_off_cost_center\", \"loyalty_points_redemption\", \"redeem_loyalty_points\", \"loyalty_points\", \"loyalty_amount\", \"column_break_77\", \"loyalty_program\", \"loyalty_redemption_account\", \"loyalty_redemption_cost_center\", \"contact_and_address_tab\", \"address_and_contact\", \"customer_address\", \"address_display\", \"col_break4\", \"contact_person\", \"contact_display\", \"contact_mobile\", \"contact_email\", \"territory\", \"shipping_address_section\", \"shipping_address_name\", \"shipping_address\", \"shipping_addr_col_break\", \"dispatch_address_name\", \"dispatch_address\", \"company_address_section\", \"company_address\", \"company_address_display\", \"company_addr_col_break\", \"company_contact_person\", \"terms_tab\", \"payment_schedule_section\", \"ignore_default_payment_terms_template\", \"payment_terms_template\", \"payment_schedule\", \"terms_section_break\", \"tc_name\", \"terms\", \"more_info_tab\", \"customer_po_details\", \"po_no\", \"column_break_23\", \"po_date\", \"more_info\", \"debit_to\", \"party_account_currency\", \"is_opening\", \"column_break8\", \"unrealized_profit_loss_account\", \"against_income_account\", \"sales_team_section_break\", \"sales_partner\", \"amount_eligible_for_commission\", \"column_break10\", \"commission_rate\", \"total_commission\", \"section_break2\", \"sales_team\", \"edit_printing_settings\", \"letter_head\", \"group_same_items\", \"column_break_84\", \"select_print_heading\", \"language\", \"subscription_section\", \"subscription\", \"from_date\", \"auto_repeat\", \"column_break_140\", \"to_date\", \"update_auto_repeat_reference\", \"more_information\", \"status\", \"inter_company_invoice_reference\", \"campaign\", \"represents_company\", \"source\", \"customer_group\", \"col_break23\", \"is_internal_customer\", \"is_discounted\", \"remarks\", \"connections_tab\"]"
 },
 {
  "default_value": null,
  "doc_type": "Customer",
  "docstatus": 0,
  "doctype": "Property Setter",
  "doctype_or_field": "DocType",
  "field_name": null,
  "is_system_generated": 0,
  "modified": "2025-06-29 05:52:26.532442",
  "module": null,
  "name": "Customer-main-field_order",
  "property": "field_order",
  "property_type": "Data",
  "row_name": null,
  "value": "[\"basic_info\", \"naming_series\", \"salutation\", \"customer_name\", \"customer_type\", \"customer_group\", \"last_roast_type\", \"preferred_flavor_notes\", \"sample_sent\", \"cupping_score_shared\", \"preferred_roast_date\", \"column_break0\", \"territory\", \"gender\", \"lead_name\", \"opportunity_name\", \"prospect_name\", \"account_manager\", \"image\", \"defaults_tab\", \"default_currency\", \"default_bank_account\", \"column_break_14\", \"default_price_list\", \"internal_customer_section\", \"is_internal_customer\", \"represents_company\", \"column_break_70\", \"companies\", \"more_info\", \"market_segment\", \"industry\", \"customer_pos_id\", \"website\", \"language\", \"column_break_45\", \"customer_details\", \"dashboard_tab\", \"contact_and_address_tab\", \"address_contacts\", \"address_html\", \"column_break1\", \"contact_html\", \"primary_address_and_contact_detail\", \"column_break_26\", \"customer_primary_address\", \"primary_address\", \"column_break_nwor\", \"customer_primary_contact\", \"mobile_no\", \"email_id\", \"tax_tab\", \"taxation_section\", \"tax_id\", \"column_break_21\", \"tax_category\", \"tax_withholding_category\", \"accounting_tab\", \"credit_limit_section\", \"payment_terms\", \"credit_limits\", \"default_receivable_accounts\", \"accounts\", \"loyalty_points_tab\", \"loyalty_program\", \"column_break_54\", \"loyalty_program_tier\", \"sales_team_tab\", \"sales_team\", \"sales_team_section\", \"default_sales_partner\", \"column_break_66\", \"default_commission_rate\", \"settings_tab\", \"so_required\", \"dn_required\", \"column_break_53\", \"is_frozen\", \"disabled\", \"portal_users_tab\", \"portal_users\"]"
 },
 {
  "default_value": null,
  "doc_type": "Item Group",
  "docstatus": 0,
  "doctype": "Property Setter",
  "doctype_or_field": "DocType",
  "field_name": "allow_guest_to_view",
  "is_system_generated": 1,
  "modified": "2025-06-30 14:05:55.827322",
  "module": null,
  "name": "Item Group-allow_guest_to_view-allow_guest_to_view",
  "property": "allow_guest_to_view",
  "property_type": "Check",
  "row_name": null,
  "value": "1"
 },
 {
  "default_value": null,
  "doc_type": "Salary Slip",
  "docstatus": 0,
  "doctype": "Property Setter",
  "doctype_or_field": "DocField",
  "field_name": "rounded_total",
  "is_system_generated": 1,
  "modified": "2025-06-30 15:41:30.800970",
  "module": null,
  "name": "Salary Slip-rounded_total-hidden",
  "property": "hidden",
  "property_type": "Check",
  "row_name": null,
  "value": "0"
 },
 {
  "default_value": null,
  "doc_type": "Salary Slip",
  "docstatus": 0,
  "doctype": "Property Setter",
  "doctype_or_field": "DocField",
  "field_name": "rounded_total",
  "is_system_generated": 1,
  "modified": "2025-06-30 15:41:30.830474",
  "module": null,
  "name": "Salary Slip-rounded_total-print_hide",
  "property": "print_hide",
  "property_type": "Check",
  "row_name": null,
  "value": "0"
 },
 {
  "default_value": null,
  "doc_type": "Employee",
  "docstatus": 0,
  "doctype": "Property Setter",
  "doctype_or_field": "DocField",
  "field_name": "naming_series",
  "is_system_generated": 1,
  "modified": "2025-06-30 15:42:10.446287",
  "module": null,
  "name": "Employee-naming_series-hidden",
  "property": "hidden",
  "property_type": "Check",
  "row_name": null,
  "value": "0"
 },
 {
  "default_value": null,
  "doc_type": "Employee",
  "docstatus": 0,
  "doctype": "Property Setter",
  "doctype_or_field": "DocField",
  "field_name": "naming_series",
  "is_system_generated": 1,
  "modified": "2025-06-30 15:42:10.492938",
  "module": null,
  "name": "Employee-naming_series-reqd",
  "property": "reqd",
  "property_type": "Check",
  "row_name": null,
  "value": "1"
 },
 {
  "default_value": null,
  "doc_type": "Employee",
  "docstatus": 0,
  "doctype": "Property Setter",
  "doctype_or_field": "DocField",
  "field_name": "employee_number",
  "is_system_generated": 1,
  "modified": "2025-06-30 15:42:10.550240",
  "module": null,
  "name": "Employee-employee_number-reqd",
  "property": "reqd",
  "property_type": "Check",
  "row_name": null,
  "value": "0"
 },
 {
  "default_value": null,
  "doc_type": "Employee",
  "docstatus": 0,
  "doctype": "Property Setter",
  "doctype_or_field": "DocField",
  "field_name": "employee_number",
  "is_system_generated": 1,
  "modified": "2025-06-30 15:42:10.570089",
  "module": null,
  "name": "Employee-employee_number-hidden",
  "property": "hidden",
  "property_type": "Check",
  "row_name": null,
  "value": "1"
 },
 {
  "default_value": null,
  "doc_type": "Sales Invoice",
  "docstatus": 0,
  "doctype": "Property Setter",
  "doctype_or_field": "DocType",
  "field_name": null,
  "is_system_generated": 0,
  "modified": "2025-07-07 03:36:45.261413",
  "module": null,
  "name": "Sales Invoice-main-default_print_format",
  "property": "default_print_format",
  "property_type": "Data",
  "row_name": null,
  "value": "Custom Invoice"
 }
]