{
 "add_total_row": 0,
 "add_translate_data": 0,
 "columns": [],
 "creation": "2025-07-13 18:54:32.917329",
 "disabled": 0,
 "docstatus": 0,
 "doctype": "Report",
 "filters": [],
 "idx": 0,
 "is_standard": "Yes",
 "letterhead": null,
 "modified": "2025-07-13 20:53:53.367733",
 "modified_by": "Administrator",
 "module": "roaster",
 "name": "Coffee Quality Report",
 "owner": "Administrator",
 "prepared_report": 0,
 "ref_doctype": "Extrinsic Assessment",
 "report_name": "Coffee Quality Report",
 "report_script": "",
 "report_type": "Script Report",
 "roles": [],
 "timeout": 0
}